name,category,compatible,qty,min_qty,buy_price,sell_price,supplier,notes
Дисплей iPhone X OLED,iPhone / Дисплеї,iPhone X,1,1,0,0,,
АКБ iPhone X,iPhone / Акумулятори,iPhone X,2,1,0,0,,
Шлейф зарядки iPhone X,iPhone / Шлейфи зарядки,iPhone X,1,1,0,0,,
Камера основна iPhone X,iPhone / Камери,iPhone X,1,1,0,0,,
Заднє скло iPhone X,iPhone / Заднє скло,iPhone X,2,1,0,0,,
Корпус iPhone X,iPhone / Корпуси,iPhone X,0,1,0,0,,
Динамік слуховий iPhone X,iPhone / Динаміки,iPhone X,1,1,0,0,,
Динамік поліфонічний iPhone X,iPhone / Динаміки,iPhone X,1,1,0,0,,
Шлейф кнопок / датчиків iPhone X,iPhone / Дрібні шлейфи,iPhone X,1,1,0,0,,
Face ID / proximity flex iPhone X,iPhone / Face ID / датчики,iPhone X,0,1,0,0,,Тільки донор / перевіряти сумісність
Дисплей iPhone XS OLED,iPhone / Дисплеї,iPhone XS,1,1,0,0,,
АКБ iPhone XS,iPhone / Акумулятори,iPhone XS,2,1,0,0,,
Шлейф зарядки iPhone XS,iPhone / Шлейфи зарядки,iPhone XS,1,1,0,0,,
Камера основна iPhone XS,iPhone / Камери,iPhone XS,1,1,0,0,,
Заднє скло iPhone XS,iPhone / Заднє скло,iPhone XS,2,1,0,0,,
Корпус iPhone XS,iPhone / Корпуси,iPhone XS,0,1,0,0,,
Динамік слуховий iPhone XS,iPhone / Динаміки,iPhone XS,1,1,0,0,,
Динамік поліфонічний iPhone XS,iPhone / Динаміки,iPhone XS,1,1,0,0,,
Шлейф кнопок / датчиків iPhone XS,iPhone / Дрібні шлейфи,iPhone XS,1,1,0,0,,
Face ID / proximity flex iPhone XS,iPhone / Face ID / датчики,iPhone XS,0,1,0,0,,Тільки донор / перевіряти сумісність
Дисплей iPhone XS Max OLED,iPhone / Дисплеї,iPhone XS Max,1,1,0,0,,
АКБ iPhone XS Max,iPhone / Акумулятори,iPhone XS Max,2,1,0,0,,
Шлейф зарядки iPhone XS Max,iPhone / Шлейфи зарядки,iPhone XS Max,1,1,0,0,,
Камера основна iPhone XS Max,iPhone / Камери,iPhone XS Max,1,1,0,0,,
Заднє скло iPhone XS Max,iPhone / Заднє скло,iPhone XS Max,2,1,0,0,,
Корпус iPhone XS Max,iPhone / Корпуси,iPhone XS Max,0,1,0,0,,
Динамік слуховий iPhone XS Max,iPhone / Динаміки,iPhone XS Max,1,1,0,0,,
Динамік поліфонічний iPhone XS Max,iPhone / Динаміки,iPhone XS Max,1,1,0,0,,
Шлейф кнопок / датчиків iPhone XS Max,iPhone / Дрібні шлейфи,iPhone XS Max,1,1,0,0,,
Face ID / proximity flex iPhone XS Max,iPhone / Face ID / датчики,iPhone XS Max,0,1,0,0,,Тільки донор / перевіряти сумісність
Дисплей iPhone XR IPS,iPhone / Дисплеї,iPhone XR,1,1,0,0,,
АКБ iPhone XR,iPhone / Акумулятори,iPhone XR,2,1,0,0,,
Шлейф зарядки iPhone XR,iPhone / Шлейфи зарядки,iPhone XR,1,1,0,0,,
Камера основна iPhone XR,iPhone / Камери,iPhone XR,1,1,0,0,,
Заднє скло iPhone XR,iPhone / Заднє скло,iPhone XR,2,1,0,0,,
Корпус iPhone XR,iPhone / Корпуси,iPhone XR,0,1,0,0,,
Динамік слуховий iPhone XR,iPhone / Динаміки,iPhone XR,1,1,0,0,,
Динамік поліфонічний iPhone XR,iPhone / Динаміки,iPhone XR,1,1,0,0,,
Шлейф кнопок / датчиків iPhone XR,iPhone / Дрібні шлейфи,iPhone XR,1,1,0,0,,
Face ID / proximity flex iPhone XR,iPhone / Face ID / датчики,iPhone XR,0,1,0,0,,Тільки донор / перевіряти сумісність
Дисплей iPhone 11 IPS,iPhone / Дисплеї,iPhone 11,1,1,0,0,,
АКБ iPhone 11,iPhone / Акумулятори,iPhone 11,2,1,0,0,,
Шлейф зарядки iPhone 11,iPhone / Шлейфи зарядки,iPhone 11,1,1,0,0,,
Камера основна iPhone 11,iPhone / Камери,iPhone 11,1,1,0,0,,
Заднє скло iPhone 11,iPhone / Заднє скло,iPhone 11,2,1,0,0,,
Корпус iPhone 11,iPhone / Корпуси,iPhone 11,0,1,0,0,,
Динамік слуховий iPhone 11,iPhone / Динаміки,iPhone 11,1,1,0,0,,
Динамік поліфонічний iPhone 11,iPhone / Динаміки,iPhone 11,1,1,0,0,,
Шлейф кнопок / датчиків iPhone 11,iPhone / Дрібні шлейфи,iPhone 11,1,1,0,0,,
Face ID / proximity flex iPhone 11,iPhone / Face ID / датчики,iPhone 11,0,1,0,0,,Тільки донор / перевіряти сумісність
Дисплей iPhone 11 Pro OLED,iPhone / Дисплеї,iPhone 11 Pro,1,1,0,0,,
АКБ iPhone 11 Pro,iPhone / Акумулятори,iPhone 11 Pro,2,1,0,0,,
Шлейф зарядки iPhone 11 Pro,iPhone / Шлейфи зарядки,iPhone 11 Pro,1,1,0,0,,
Камера основна iPhone 11 Pro,iPhone / Камери,iPhone 11 Pro,1,1,0,0,,
Заднє скло iPhone 11 Pro,iPhone / Заднє скло,iPhone 11 Pro,2,1,0,0,,
Корпус iPhone 11 Pro,iPhone / Корпуси,iPhone 11 Pro,0,1,0,0,,
Динамік слуховий iPhone 11 Pro,iPhone / Динаміки,iPhone 11 Pro,1,1,0,0,,
Динамік поліфонічний iPhone 11 Pro,iPhone / Динаміки,iPhone 11 Pro,1,1,0,0,,
Шлейф кнопок / датчиків iPhone 11 Pro,iPhone / Дрібні шлейфи,iPhone 11 Pro,1,1,0,0,,
Face ID / proximity flex iPhone 11 Pro,iPhone / Face ID / датчики,iPhone 11 Pro,0,1,0,0,,Тільки донор / перевіряти сумісність
Дисплей iPhone 11 Pro Max OLED,iPhone / Дисплеї,iPhone 11 Pro Max,1,1,0,0,,
АКБ iPhone 11 Pro Max,iPhone / Акумулятори,iPhone 11 Pro Max,2,1,0,0,,
Шлейф зарядки iPhone 11 Pro Max,iPhone / Шлейфи зарядки,iPhone 11 Pro Max,1,1,0,0,,
Камера основна iPhone 11 Pro Max,iPhone / Камери,iPhone 11 Pro Max,1,1,0,0,,
Заднє скло iPhone 11 Pro Max,iPhone / Заднє скло,iPhone 11 Pro Max,2,1,0,0,,
Корпус iPhone 11 Pro Max,iPhone / Корпуси,iPhone 11 Pro Max,0,1,0,0,,
Динамік слуховий iPhone 11 Pro Max,iPhone / Динаміки,iPhone 11 Pro Max,1,1,0,0,,
Динамік поліфонічний iPhone 11 Pro Max,iPhone / Динаміки,iPhone 11 Pro Max,1,1,0,0,,
Шлейф кнопок / датчиків iPhone 11 Pro Max,iPhone / Дрібні шлейфи,iPhone 11 Pro Max,1,1,0,0,,
Face ID / proximity flex iPhone 11 Pro Max,iPhone / Face ID / датчики,iPhone 11 Pro Max,0,1,0,0,,Тільки донор / перевіряти сумісність
Дисплей iPhone 12 OLED,iPhone / Дисплеї,iPhone 12,1,1,0,0,,
АКБ iPhone 12,iPhone / Акумулятори,iPhone 12,2,1,0,0,,
Шлейф зарядки iPhone 12,iPhone / Шлейфи зарядки,iPhone 12,1,1,0,0,,
Камера основна iPhone 12,iPhone / Камери,iPhone 12,1,1,0,0,,
Заднє скло iPhone 12,iPhone / Заднє скло,iPhone 12,2,1,0,0,,
Корпус iPhone 12,iPhone / Корпуси,iPhone 12,0,1,0,0,,
Динамік слуховий iPhone 12,iPhone / Динаміки,iPhone 12,1,1,0,0,,
Динамік поліфонічний iPhone 12,iPhone / Динаміки,iPhone 12,1,1,0,0,,
Шлейф кнопок / датчиків iPhone 12,iPhone / Дрібні шлейфи,iPhone 12,1,1,0,0,,
Face ID / proximity flex iPhone 12,iPhone / Face ID / датчики,iPhone 12,0,1,0,0,,Тільки донор / перевіряти сумісність
Дисплей iPhone 12 mini OLED,iPhone / Дисплеї,iPhone 12 mini,1,1,0,0,,
АКБ iPhone 12 mini,iPhone / Акумулятори,iPhone 12 mini,2,1,0,0,,
Шлейф зарядки iPhone 12 mini,iPhone / Шлейфи зарядки,iPhone 12 mini,1,1,0,0,,
Камера основна iPhone 12 mini,iPhone / Камери,iPhone 12 mini,1,1,0,0,,
Заднє скло iPhone 12 mini,iPhone / Заднє скло,iPhone 12 mini,2,1,0,0,,
Корпус iPhone 12 mini,iPhone / Корпуси,iPhone 12 mini,0,1,0,0,,
Динамік слуховий iPhone 12 mini,iPhone / Динаміки,iPhone 12 mini,1,1,0,0,,
Динамік поліфонічний iPhone 12 mini,iPhone / Динаміки,iPhone 12 mini,1,1,0,0,,
Шлейф кнопок / датчиків iPhone 12 mini,iPhone / Дрібні шлейфи,iPhone 12 mini,1,1,0,0,,
Face ID / proximity flex iPhone 12 mini,iPhone / Face ID / датчики,iPhone 12 mini,0,1,0,0,,Тільки донор / перевіряти сумісність
Дисплей iPhone 12 Pro OLED,iPhone / Дисплеї,iPhone 12 Pro,1,1,0,0,,
АКБ iPhone 12 Pro,iPhone / Акумулятори,iPhone 12 Pro,2,1,0,0,,
Шлейф зарядки iPhone 12 Pro,iPhone / Шлейфи зарядки,iPhone 12 Pro,1,1,0,0,,
Камера основна iPhone 12 Pro,iPhone / Камери,iPhone 12 Pro,1,1,0,0,,
Заднє скло iPhone 12 Pro,iPhone / Заднє скло,iPhone 12 Pro,2,1,0,0,,
Корпус iPhone 12 Pro,iPhone / Корпуси,iPhone 12 Pro,0,1,0,0,,
Динамік слуховий iPhone 12 Pro,iPhone / Динаміки,iPhone 12 Pro,1,1,0,0,,
Динамік поліфонічний iPhone 12 Pro,iPhone / Динаміки,iPhone 12 Pro,1,1,0,0,,
Шлейф кнопок / датчиків iPhone 12 Pro,iPhone / Дрібні шлейфи,iPhone 12 Pro,1,1,0,0,,
Face ID / proximity flex iPhone 12 Pro,iPhone / Face ID / датчики,iPhone 12 Pro,0,1,0,0,,Тільки донор / перевіряти сумісність
Дисплей iPhone 12 Pro Max OLED,iPhone / Дисплеї,iPhone 12 Pro Max,1,1,0,0,,
АКБ iPhone 12 Pro Max,iPhone / Акумулятори,iPhone 12 Pro Max,2,1,0,0,,
Шлейф зарядки iPhone 12 Pro Max,iPhone / Шлейфи зарядки,iPhone 12 Pro Max,1,1,0,0,,
Камера основна iPhone 12 Pro Max,iPhone / Камери,iPhone 12 Pro Max,1,1,0,0,,
Заднє скло iPhone 12 Pro Max,iPhone / Заднє скло,iPhone 12 Pro Max,2,1,0,0,,
Корпус iPhone 12 Pro Max,iPhone / Корпуси,iPhone 12 Pro Max,0,1,0,0,,
Динамік слуховий iPhone 12 Pro Max,iPhone / Динаміки,iPhone 12 Pro Max,1,1,0,0,,
Динамік поліфонічний iPhone 12 Pro Max,iPhone / Динаміки,iPhone 12 Pro Max,1,1,0,0,,
Шлейф кнопок / датчиків iPhone 12 Pro Max,iPhone / Дрібні шлейфи,iPhone 12 Pro Max,1,1,0,0,,
Face ID / proximity flex iPhone 12 Pro Max,iPhone / Face ID / датчики,iPhone 12 Pro Max,0,1,0,0,,Тільки донор / перевіряти сумісність
Дисплей iPhone 13 OLED,iPhone / Дисплеї,iPhone 13,1,1,0,0,,
АКБ iPhone 13,iPhone / Акумулятори,iPhone 13,2,1,0,0,,
Шлейф зарядки iPhone 13,iPhone / Шлейфи зарядки,iPhone 13,1,1,0,0,,
Камера основна iPhone 13,iPhone / Камери,iPhone 13,1,1,0,0,,
Заднє скло iPhone 13,iPhone / Заднє скло,iPhone 13,2,1,0,0,,
Корпус iPhone 13,iPhone / Корпуси,iPhone 13,0,1,0,0,,
Динамік слуховий iPhone 13,iPhone / Динаміки,iPhone 13,1,1,0,0,,
Динамік поліфонічний iPhone 13,iPhone / Динаміки,iPhone 13,1,1,0,0,,
Шлейф кнопок / датчиків iPhone 13,iPhone / Дрібні шлейфи,iPhone 13,1,1,0,0,,
Face ID / proximity flex iPhone 13,iPhone / Face ID / датчики,iPhone 13,0,1,0,0,,Тільки донор / перевіряти сумісність
Дисплей iPhone 13 mini OLED,iPhone / Дисплеї,iPhone 13 mini,1,1,0,0,,
АКБ iPhone 13 mini,iPhone / Акумулятори,iPhone 13 mini,2,1,0,0,,
Шлейф зарядки iPhone 13 mini,iPhone / Шлейфи зарядки,iPhone 13 mini,1,1,0,0,,
Камера основна iPhone 13 mini,iPhone / Камери,iPhone 13 mini,1,1,0,0,,
Заднє скло iPhone 13 mini,iPhone / Заднє скло,iPhone 13 mini,2,1,0,0,,
Корпус iPhone 13 mini,iPhone / Корпуси,iPhone 13 mini,0,1,0,0,,
Динамік слуховий iPhone 13 mini,iPhone / Динаміки,iPhone 13 mini,1,1,0,0,,
Динамік поліфонічний iPhone 13 mini,iPhone / Динаміки,iPhone 13 mini,1,1,0,0,,
Шлейф кнопок / датчиків iPhone 13 mini,iPhone / Дрібні шлейфи,iPhone 13 mini,1,1,0,0,,
Face ID / proximity flex iPhone 13 mini,iPhone / Face ID / датчики,iPhone 13 mini,0,1,0,0,,Тільки донор / перевіряти сумісність
Дисплей iPhone 13 Pro OLED,iPhone / Дисплеї,iPhone 13 Pro,1,1,0,0,,
АКБ iPhone 13 Pro,iPhone / Акумулятори,iPhone 13 Pro,2,1,0,0,,
Шлейф зарядки iPhone 13 Pro,iPhone / Шлейфи зарядки,iPhone 13 Pro,1,1,0,0,,
Камера основна iPhone 13 Pro,iPhone / Камери,iPhone 13 Pro,1,1,0,0,,
Заднє скло iPhone 13 Pro,iPhone / Заднє скло,iPhone 13 Pro,2,1,0,0,,
Корпус iPhone 13 Pro,iPhone / Корпуси,iPhone 13 Pro,0,1,0,0,,
Динамік слуховий iPhone 13 Pro,iPhone / Динаміки,iPhone 13 Pro,1,1,0,0,,
Динамік поліфонічний iPhone 13 Pro,iPhone / Динаміки,iPhone 13 Pro,1,1,0,0,,
Шлейф кнопок / датчиків iPhone 13 Pro,iPhone / Дрібні шлейфи,iPhone 13 Pro,1,1,0,0,,
Face ID / proximity flex iPhone 13 Pro,iPhone / Face ID / датчики,iPhone 13 Pro,0,1,0,0,,Тільки донор / перевіряти сумісність
Дисплей iPhone 13 Pro Max OLED,iPhone / Дисплеї,iPhone 13 Pro Max,1,1,0,0,,
АКБ iPhone 13 Pro Max,iPhone / Акумулятори,iPhone 13 Pro Max,2,1,0,0,,
Шлейф зарядки iPhone 13 Pro Max,iPhone / Шлейфи зарядки,iPhone 13 Pro Max,1,1,0,0,,
Камера основна iPhone 13 Pro Max,iPhone / Камери,iPhone 13 Pro Max,1,1,0,0,,
Заднє скло iPhone 13 Pro Max,iPhone / Заднє скло,iPhone 13 Pro Max,2,1,0,0,,
Корпус iPhone 13 Pro Max,iPhone / Корпуси,iPhone 13 Pro Max,0,1,0,0,,
Динамік слуховий iPhone 13 Pro Max,iPhone / Динаміки,iPhone 13 Pro Max,1,1,0,0,,
Динамік поліфонічний iPhone 13 Pro Max,iPhone / Динаміки,iPhone 13 Pro Max,1,1,0,0,,
Шлейф кнопок / датчиків iPhone 13 Pro Max,iPhone / Дрібні шлейфи,iPhone 13 Pro Max,1,1,0,0,,
Face ID / proximity flex iPhone 13 Pro Max,iPhone / Face ID / датчики,iPhone 13 Pro Max,0,1,0,0,,Тільки донор / перевіряти сумісність
Дисплей iPhone 14 OLED,iPhone / Дисплеї,iPhone 14,1,1,0,0,,
АКБ iPhone 14,iPhone / Акумулятори,iPhone 14,2,1,0,0,,
Шлейф зарядки iPhone 14,iPhone / Шлейфи зарядки,iPhone 14,1,1,0,0,,
Камера основна iPhone 14,iPhone / Камери,iPhone 14,1,1,0,0,,
Заднє скло iPhone 14,iPhone / Заднє скло,iPhone 14,2,1,0,0,,
Корпус iPhone 14,iPhone / Корпуси,iPhone 14,0,1,0,0,,
Динамік слуховий iPhone 14,iPhone / Динаміки,iPhone 14,1,1,0,0,,
Динамік поліфонічний iPhone 14,iPhone / Динаміки,iPhone 14,1,1,0,0,,
Шлейф кнопок / датчиків iPhone 14,iPhone / Дрібні шлейфи,iPhone 14,1,1,0,0,,
Face ID / proximity flex iPhone 14,iPhone / Face ID / датчики,iPhone 14,0,1,0,0,,Тільки донор / перевіряти сумісність
Дисплей iPhone 14 Plus OLED,iPhone / Дисплеї,iPhone 14 Plus,1,1,0,0,,
АКБ iPhone 14 Plus,iPhone / Акумулятори,iPhone 14 Plus,2,1,0,0,,
Шлейф зарядки iPhone 14 Plus,iPhone / Шлейфи зарядки,iPhone 14 Plus,1,1,0,0,,
Камера основна iPhone 14 Plus,iPhone / Камери,iPhone 14 Plus,1,1,0,0,,
Заднє скло iPhone 14 Plus,iPhone / Заднє скло,iPhone 14 Plus,2,1,0,0,,
Корпус iPhone 14 Plus,iPhone / Корпуси,iPhone 14 Plus,0,1,0,0,,
Динамік слуховий iPhone 14 Plus,iPhone / Динаміки,iPhone 14 Plus,1,1,0,0,,
Динамік поліфонічний iPhone 14 Plus,iPhone / Динаміки,iPhone 14 Plus,1,1,0,0,,
Шлейф кнопок / датчиків iPhone 14 Plus,iPhone / Дрібні шлейфи,iPhone 14 Plus,1,1,0,0,,
Face ID / proximity flex iPhone 14 Plus,iPhone / Face ID / датчики,iPhone 14 Plus,0,1,0,0,,Тільки донор / перевіряти сумісність
Дисплей iPhone 14 Pro OLED,iPhone / Дисплеї,iPhone 14 Pro,1,1,0,0,,
АКБ iPhone 14 Pro,iPhone / Акумулятори,iPhone 14 Pro,2,1,0,0,,
Шлейф зарядки iPhone 14 Pro,iPhone / Шлейфи зарядки,iPhone 14 Pro,1,1,0,0,,
Камера основна iPhone 14 Pro,iPhone / Камери,iPhone 14 Pro,1,1,0,0,,
Заднє скло iPhone 14 Pro,iPhone / Заднє скло,iPhone 14 Pro,2,1,0,0,,
Корпус iPhone 14 Pro,iPhone / Корпуси,iPhone 14 Pro,0,1,0,0,,
Динамік слуховий iPhone 14 Pro,iPhone / Динаміки,iPhone 14 Pro,1,1,0,0,,
Динамік поліфонічний iPhone 14 Pro,iPhone / Динаміки,iPhone 14 Pro,1,1,0,0,,
Шлейф кнопок / датчиків iPhone 14 Pro,iPhone / Дрібні шлейфи,iPhone 14 Pro,1,1,0,0,,
Face ID / proximity flex iPhone 14 Pro,iPhone / Face ID / датчики,iPhone 14 Pro,0,1,0,0,,Тільки донор / перевіряти сумісність
Дисплей iPhone 14 Pro Max OLED,iPhone / Дисплеї,iPhone 14 Pro Max,1,1,0,0,,
АКБ iPhone 14 Pro Max,iPhone / Акумулятори,iPhone 14 Pro Max,2,1,0,0,,
Шлейф зарядки iPhone 14 Pro Max,iPhone / Шлейфи зарядки,iPhone 14 Pro Max,1,1,0,0,,
Камера основна iPhone 14 Pro Max,iPhone / Камери,iPhone 14 Pro Max,1,1,0,0,,
Заднє скло iPhone 14 Pro Max,iPhone / Заднє скло,iPhone 14 Pro Max,2,1,0,0,,
Корпус iPhone 14 Pro Max,iPhone / Корпуси,iPhone 14 Pro Max,0,1,0,0,,
Динамік слуховий iPhone 14 Pro Max,iPhone / Динаміки,iPhone 14 Pro Max,1,1,0,0,,
Динамік поліфонічний iPhone 14 Pro Max,iPhone / Динаміки,iPhone 14 Pro Max,1,1,0,0,,
Шлейф кнопок / датчиків iPhone 14 Pro Max,iPhone / Дрібні шлейфи,iPhone 14 Pro Max,1,1,0,0,,
Face ID / proximity flex iPhone 14 Pro Max,iPhone / Face ID / датчики,iPhone 14 Pro Max,0,1,0,0,,Тільки донор / перевіряти сумісність
Дисплей iPhone 15 OLED,iPhone / Дисплеї,iPhone 15,1,1,0,0,,
АКБ iPhone 15,iPhone / Акумулятори,iPhone 15,2,1,0,0,,
Шлейф зарядки iPhone 15,iPhone / Шлейфи зарядки,iPhone 15,1,1,0,0,,
Камера основна iPhone 15,iPhone / Камери,iPhone 15,1,1,0,0,,
Заднє скло iPhone 15,iPhone / Заднє скло,iPhone 15,2,1,0,0,,
Корпус iPhone 15,iPhone / Корпуси,iPhone 15,0,1,0,0,,
Динамік слуховий iPhone 15,iPhone / Динаміки,iPhone 15,1,1,0,0,,
Динамік поліфонічний iPhone 15,iPhone / Динаміки,iPhone 15,1,1,0,0,,
Шлейф кнопок / датчиків iPhone 15,iPhone / Дрібні шлейфи,iPhone 15,1,1,0,0,,
Face ID / proximity flex iPhone 15,iPhone / Face ID / датчики,iPhone 15,0,1,0,0,,Тільки донор / перевіряти сумісність
Дисплей iPhone 15 Plus OLED,iPhone / Дисплеї,iPhone 15 Plus,1,1,0,0,,
АКБ iPhone 15 Plus,iPhone / Акумулятори,iPhone 15 Plus,2,1,0,0,,
Шлейф зарядки iPhone 15 Plus,iPhone / Шлейфи зарядки,iPhone 15 Plus,1,1,0,0,,
Камера основна iPhone 15 Plus,iPhone / Камери,iPhone 15 Plus,1,1,0,0,,
Заднє скло iPhone 15 Plus,iPhone / Заднє скло,iPhone 15 Plus,2,1,0,0,,
Корпус iPhone 15 Plus,iPhone / Корпуси,iPhone 15 Plus,0,1,0,0,,
Динамік слуховий iPhone 15 Plus,iPhone / Динаміки,iPhone 15 Plus,1,1,0,0,,
Динамік поліфонічний iPhone 15 Plus,iPhone / Динаміки,iPhone 15 Plus,1,1,0,0,,
Шлейф кнопок / датчиків iPhone 15 Plus,iPhone / Дрібні шлейфи,iPhone 15 Plus,1,1,0,0,,
Face ID / proximity flex iPhone 15 Plus,iPhone / Face ID / датчики,iPhone 15 Plus,0,1,0,0,,Тільки донор / перевіряти сумісність
Дисплей iPhone 15 Pro OLED,iPhone / Дисплеї,iPhone 15 Pro,1,1,0,0,,
АКБ iPhone 15 Pro,iPhone / Акумулятори,iPhone 15 Pro,2,1,0,0,,
Шлейф зарядки iPhone 15 Pro,iPhone / Шлейфи зарядки,iPhone 15 Pro,1,1,0,0,,
Камера основна iPhone 15 Pro,iPhone / Камери,iPhone 15 Pro,1,1,0,0,,
Заднє скло iPhone 15 Pro,iPhone / Заднє скло,iPhone 15 Pro,2,1,0,0,,
Корпус iPhone 15 Pro,iPhone / Корпуси,iPhone 15 Pro,0,1,0,0,,
Динамік слуховий iPhone 15 Pro,iPhone / Динаміки,iPhone 15 Pro,1,1,0,0,,
Динамік поліфонічний iPhone 15 Pro,iPhone / Динаміки,iPhone 15 Pro,1,1,0,0,,
Шлейф кнопок / датчиків iPhone 15 Pro,iPhone / Дрібні шлейфи,iPhone 15 Pro,1,1,0,0,,
Face ID / proximity flex iPhone 15 Pro,iPhone / Face ID / датчики,iPhone 15 Pro,0,1,0,0,,Тільки донор / перевіряти сумісність
Дисплей iPhone 15 Pro Max OLED,iPhone / Дисплеї,iPhone 15 Pro Max,1,1,0,0,,
АКБ iPhone 15 Pro Max,iPhone / Акумулятори,iPhone 15 Pro Max,2,1,0,0,,
Шлейф зарядки iPhone 15 Pro Max,iPhone / Шлейфи зарядки,iPhone 15 Pro Max,1,1,0,0,,
Камера основна iPhone 15 Pro Max,iPhone / Камери,iPhone 15 Pro Max,1,1,0,0,,
Заднє скло iPhone 15 Pro Max,iPhone / Заднє скло,iPhone 15 Pro Max,2,1,0,0,,
Корпус iPhone 15 Pro Max,iPhone / Корпуси,iPhone 15 Pro Max,0,1,0,0,,
Динамік слуховий iPhone 15 Pro Max,iPhone / Динаміки,iPhone 15 Pro Max,1,1,0,0,,
Динамік поліфонічний iPhone 15 Pro Max,iPhone / Динаміки,iPhone 15 Pro Max,1,1,0,0,,
Шлейф кнопок / датчиків iPhone 15 Pro Max,iPhone / Дрібні шлейфи,iPhone 15 Pro Max,1,1,0,0,,
Face ID / proximity flex iPhone 15 Pro Max,iPhone / Face ID / датчики,iPhone 15 Pro Max,0,1,0,0,,Тільки донор / перевіряти сумісність
Дисплей iPhone 16 OLED,iPhone / Дисплеї,iPhone 16,1,1,0,0,,
АКБ iPhone 16,iPhone / Акумулятори,iPhone 16,2,1,0,0,,
Шлейф зарядки iPhone 16,iPhone / Шлейфи зарядки,iPhone 16,1,1,0,0,,
Камера основна iPhone 16,iPhone / Камери,iPhone 16,1,1,0,0,,
Заднє скло iPhone 16,iPhone / Заднє скло,iPhone 16,2,1,0,0,,
Корпус iPhone 16,iPhone / Корпуси,iPhone 16,0,1,0,0,,
Динамік слуховий iPhone 16,iPhone / Динаміки,iPhone 16,1,1,0,0,,
Динамік поліфонічний iPhone 16,iPhone / Динаміки,iPhone 16,1,1,0,0,,
Шлейф кнопок / датчиків iPhone 16,iPhone / Дрібні шлейфи,iPhone 16,1,1,0,0,,
Face ID / proximity flex iPhone 16,iPhone / Face ID / датчики,iPhone 16,0,1,0,0,,Тільки донор / перевіряти сумісність
Дисплей iPhone 16 Plus OLED,iPhone / Дисплеї,iPhone 16 Plus,1,1,0,0,,
АКБ iPhone 16 Plus,iPhone / Акумулятори,iPhone 16 Plus,2,1,0,0,,
Шлейф зарядки iPhone 16 Plus,iPhone / Шлейфи зарядки,iPhone 16 Plus,1,1,0,0,,
Камера основна iPhone 16 Plus,iPhone / Камери,iPhone 16 Plus,1,1,0,0,,
Заднє скло iPhone 16 Plus,iPhone / Заднє скло,iPhone 16 Plus,2,1,0,0,,
Корпус iPhone 16 Plus,iPhone / Корпуси,iPhone 16 Plus,0,1,0,0,,
Динамік слуховий iPhone 16 Plus,iPhone / Динаміки,iPhone 16 Plus,1,1,0,0,,
Динамік поліфонічний iPhone 16 Plus,iPhone / Динаміки,iPhone 16 Plus,1,1,0,0,,
Шлейф кнопок / датчиків iPhone 16 Plus,iPhone / Дрібні шлейфи,iPhone 16 Plus,1,1,0,0,,
Face ID / proximity flex iPhone 16 Plus,iPhone / Face ID / датчики,iPhone 16 Plus,0,1,0,0,,Тільки донор / перевіряти сумісність
Дисплей iPhone 16 Pro OLED,iPhone / Дисплеї,iPhone 16 Pro,1,1,0,0,,
АКБ iPhone 16 Pro,iPhone / Акумулятори,iPhone 16 Pro,2,1,0,0,,
Шлейф зарядки iPhone 16 Pro,iPhone / Шлейфи зарядки,iPhone 16 Pro,1,1,0,0,,
Камера основна iPhone 16 Pro,iPhone / Камери,iPhone 16 Pro,1,1,0,0,,
Заднє скло iPhone 16 Pro,iPhone / Заднє скло,iPhone 16 Pro,2,1,0,0,,
Корпус iPhone 16 Pro,iPhone / Корпуси,iPhone 16 Pro,0,1,0,0,,
Динамік слуховий iPhone 16 Pro,iPhone / Динаміки,iPhone 16 Pro,1,1,0,0,,
Динамік поліфонічний iPhone 16 Pro,iPhone / Динаміки,iPhone 16 Pro,1,1,0,0,,
Шлейф кнопок / датчиків iPhone 16 Pro,iPhone / Дрібні шлейфи,iPhone 16 Pro,1,1,0,0,,
Face ID / proximity flex iPhone 16 Pro,iPhone / Face ID / датчики,iPhone 16 Pro,0,1,0,0,,Тільки донор / перевіряти сумісність
Дисплей iPhone 16 Pro Max OLED,iPhone / Дисплеї,iPhone 16 Pro Max,1,1,0,0,,
АКБ iPhone 16 Pro Max,iPhone / Акумулятори,iPhone 16 Pro Max,2,1,0,0,,
Шлейф зарядки iPhone 16 Pro Max,iPhone / Шлейфи зарядки,iPhone 16 Pro Max,1,1,0,0,,
Камера основна iPhone 16 Pro Max,iPhone / Камери,iPhone 16 Pro Max,1,1,0,0,,
Заднє скло iPhone 16 Pro Max,iPhone / Заднє скло,iPhone 16 Pro Max,2,1,0,0,,
Корпус iPhone 16 Pro Max,iPhone / Корпуси,iPhone 16 Pro Max,0,1,0,0,,
Динамік слуховий iPhone 16 Pro Max,iPhone / Динаміки,iPhone 16 Pro Max,1,1,0,0,,
Динамік поліфонічний iPhone 16 Pro Max,iPhone / Динаміки,iPhone 16 Pro Max,1,1,0,0,,
Шлейф кнопок / датчиків iPhone 16 Pro Max,iPhone / Дрібні шлейфи,iPhone 16 Pro Max,1,1,0,0,,
Face ID / proximity flex iPhone 16 Pro Max,iPhone / Face ID / датчики,iPhone 16 Pro Max,0,1,0,0,,Тільки донор / перевіряти сумісність
Дисплей iPad 9,iPad / Дисплеї,iPad 9,1,1,0,0,,
АКБ iPad 9,iPad / Акумулятори,iPad 9,1,1,0,0,,
Шлейф зарядки iPad 9,iPad / Шлейфи зарядки,iPad 9,1,1,0,0,,
Дисплей iPad 10,iPad / Дисплеї,iPad 10,1,1,0,0,,
АКБ iPad 10,iPad / Акумулятори,iPad 10,1,1,0,0,,
Шлейф зарядки iPad 10,iPad / Шлейфи зарядки,iPad 10,1,1,0,0,,
Дисплей iPad Air 4,iPad / Дисплеї,iPad Air 4,1,1,0,0,,
АКБ iPad Air 4,iPad / Акумулятори,iPad Air 4,1,1,0,0,,
Шлейф зарядки iPad Air 4,iPad / Шлейфи зарядки,iPad Air 4,1,1,0,0,,
Дисплей iPad Air 5,iPad / Дисплеї,iPad Air 5,1,1,0,0,,
АКБ iPad Air 5,iPad / Акумулятори,iPad Air 5,1,1,0,0,,
Шлейф зарядки iPad Air 5,iPad / Шлейфи зарядки,iPad Air 5,1,1,0,0,,
Дисплей iPad Air 11 M2,iPad / Дисплеї,iPad Air 11 M2,1,1,0,0,,
АКБ iPad Air 11 M2,iPad / Акумулятори,iPad Air 11 M2,1,1,0,0,,
Шлейф зарядки iPad Air 11 M2,iPad / Шлейфи зарядки,iPad Air 11 M2,1,1,0,0,,
Дисплей iPad Air 11 M3,iPad / Дисплеї,iPad Air 11 M3,1,1,0,0,,
АКБ iPad Air 11 M3,iPad / Акумулятори,iPad Air 11 M3,1,1,0,0,,
Шлейф зарядки iPad Air 11 M3,iPad / Шлейфи зарядки,iPad Air 11 M3,1,1,0,0,,
Дисплей iPad Pro 11,iPad / Дисплеї,iPad Pro 11,1,1,0,0,,
АКБ iPad Pro 11,iPad / Акумулятори,iPad Pro 11,1,1,0,0,,
Шлейф зарядки iPad Pro 11,iPad / Шлейфи зарядки,iPad Pro 11,1,1,0,0,,
Дисплей iPad Pro 12.9,iPad / Дисплеї,iPad Pro 12.9,1,1,0,0,,
АКБ iPad Pro 12.9,iPad / Акумулятори,iPad Pro 12.9,1,1,0,0,,
Шлейф зарядки iPad Pro 12.9,iPad / Шлейфи зарядки,iPad Pro 12.9,1,1,0,0,,
АКБ MacBook Air M1 13,MacBook / Акумулятори,MacBook Air M1 13,1,1,0,0,,
Клавіатура MacBook Air M1 13,MacBook / Клавіатури,MacBook Air M1 13,1,1,0,0,,
Трекпад MacBook Air M1 13,MacBook / Трекпади,MacBook Air M1 13,1,1,0,0,,
Дисплей MacBook Air M1 13,MacBook / Дисплеї,MacBook Air M1 13,0,1,0,0,,
USB-C / MagSafe board MacBook Air M1 13,MacBook / Порти зарядки,MacBook Air M1 13,1,1,0,0,,
Кулер MacBook Air M1 13,MacBook / Кулери,MacBook Air M1 13,1,1,0,0,,
АКБ MacBook Air M2 13,MacBook / Акумулятори,MacBook Air M2 13,1,1,0,0,,
Клавіатура MacBook Air M2 13,MacBook / Клавіатури,MacBook Air M2 13,1,1,0,0,,
Трекпад MacBook Air M2 13,MacBook / Трекпади,MacBook Air M2 13,1,1,0,0,,
Дисплей MacBook Air M2 13,MacBook / Дисплеї,MacBook Air M2 13,0,1,0,0,,
USB-C / MagSafe board MacBook Air M2 13,MacBook / Порти зарядки,MacBook Air M2 13,1,1,0,0,,
Кулер MacBook Air M2 13,MacBook / Кулери,MacBook Air M2 13,1,1,0,0,,
АКБ MacBook Air M3 13,MacBook / Акумулятори,MacBook Air M3 13,1,1,0,0,,
Клавіатура MacBook Air M3 13,MacBook / Клавіатури,MacBook Air M3 13,1,1,0,0,,
Трекпад MacBook Air M3 13,MacBook / Трекпади,MacBook Air M3 13,1,1,0,0,,
Дисплей MacBook Air M3 13,MacBook / Дисплеї,MacBook Air M3 13,0,1,0,0,,
USB-C / MagSafe board MacBook Air M3 13,MacBook / Порти зарядки,MacBook Air M3 13,1,1,0,0,,
Кулер MacBook Air M3 13,MacBook / Кулери,MacBook Air M3 13,1,1,0,0,,
АКБ MacBook Air M3 15,MacBook / Акумулятори,MacBook Air M3 15,1,1,0,0,,
Клавіатура MacBook Air M3 15,MacBook / Клавіатури,MacBook Air M3 15,1,1,0,0,,
Трекпад MacBook Air M3 15,MacBook / Трекпади,MacBook Air M3 15,1,1,0,0,,
Дисплей MacBook Air M3 15,MacBook / Дисплеї,MacBook Air M3 15,0,1,0,0,,
USB-C / MagSafe board MacBook Air M3 15,MacBook / Порти зарядки,MacBook Air M3 15,1,1,0,0,,
Кулер MacBook Air M3 15,MacBook / Кулери,MacBook Air M3 15,1,1,0,0,,
АКБ MacBook Pro 13 M1,MacBook / Акумулятори,MacBook Pro 13 M1,1,1,0,0,,
Клавіатура MacBook Pro 13 M1,MacBook / Клавіатури,MacBook Pro 13 M1,1,1,0,0,,
Трекпад MacBook Pro 13 M1,MacBook / Трекпади,MacBook Pro 13 M1,1,1,0,0,,
Дисплей MacBook Pro 13 M1,MacBook / Дисплеї,MacBook Pro 13 M1,0,1,0,0,,
USB-C / MagSafe board MacBook Pro 13 M1,MacBook / Порти зарядки,MacBook Pro 13 M1,1,1,0,0,,
Кулер MacBook Pro 13 M1,MacBook / Кулери,MacBook Pro 13 M1,1,1,0,0,,
АКБ MacBook Pro 14,MacBook / Акумулятори,MacBook Pro 14,1,1,0,0,,
Клавіатура MacBook Pro 14,MacBook / Клавіатури,MacBook Pro 14,1,1,0,0,,
Трекпад MacBook Pro 14,MacBook / Трекпади,MacBook Pro 14,1,1,0,0,,
Дисплей MacBook Pro 14,MacBook / Дисплеї,MacBook Pro 14,0,1,0,0,,
USB-C / MagSafe board MacBook Pro 14,MacBook / Порти зарядки,MacBook Pro 14,1,1,0,0,,
Кулер MacBook Pro 14,MacBook / Кулери,MacBook Pro 14,1,1,0,0,,
АКБ MacBook Pro 16,MacBook / Акумулятори,MacBook Pro 16,1,1,0,0,,
Клавіатура MacBook Pro 16,MacBook / Клавіатури,MacBook Pro 16,1,1,0,0,,
Трекпад MacBook Pro 16,MacBook / Трекпади,MacBook Pro 16,1,1,0,0,,
Дисплей MacBook Pro 16,MacBook / Дисплеї,MacBook Pro 16,0,1,0,0,,
USB-C / MagSafe board MacBook Pro 16,MacBook / Порти зарядки,MacBook Pro 16,1,1,0,0,,
Кулер MacBook Pro 16,MacBook / Кулери,MacBook Pro 16,1,1,0,0,,
Дисплей Apple Watch S5 44mm,Apple Watch / Дисплеї,Apple Watch S5 44mm,1,1,0,0,,
АКБ Apple Watch S5 44mm,Apple Watch / Акумулятори,Apple Watch S5 44mm,1,1,0,0,,
Дисплей Apple Watch S6 44mm,Apple Watch / Дисплеї,Apple Watch S6 44mm,1,1,0,0,,
АКБ Apple Watch S6 44mm,Apple Watch / Акумулятори,Apple Watch S6 44mm,1,1,0,0,,
Дисплей Apple Watch S7 45mm,Apple Watch / Дисплеї,Apple Watch S7 45mm,1,1,0,0,,
АКБ Apple Watch S7 45mm,Apple Watch / Акумулятори,Apple Watch S7 45mm,1,1,0,0,,
Дисплей Apple Watch S8 45mm,Apple Watch / Дисплеї,Apple Watch S8 45mm,1,1,0,0,,
АКБ Apple Watch S8 45mm,Apple Watch / Акумулятори,Apple Watch S8 45mm,1,1,0,0,,
Дисплей Apple Watch SE 44mm,Apple Watch / Дисплеї,Apple Watch SE 44mm,1,1,0,0,,
АКБ Apple Watch SE 44mm,Apple Watch / Акумулятори,Apple Watch SE 44mm,1,1,0,0,,
Дисплей Apple Watch Ultra,Apple Watch / Дисплеї,Apple Watch Ultra,1,1,0,0,,
АКБ Apple Watch Ultra,Apple Watch / Акумулятори,Apple Watch Ultra,1,1,0,0,,
Дисплей Apple Watch Ultra 2,Apple Watch / Дисплеї,Apple Watch Ultra 2,1,1,0,0,,
АКБ Apple Watch Ultra 2,Apple Watch / Акумулятори,Apple Watch Ultra 2,1,1,0,0,,
Кейс AirPods 2,AirPods / Кейси,AirPods 2,1,1,0,0,,
Кейс AirPods 3,AirPods / Кейси,AirPods 3,1,1,0,0,,
Кейс AirPods Pro,AirPods / Кейси,AirPods Pro,1,1,0,0,,
Кейс AirPods Pro 2,AirPods / Кейси,AirPods Pro 2,1,1,0,0,,
Кейс AirPods Max,AirPods / Кейси,AirPods Max,1,1,0,0,,
Сітки AirPods Pro,AirPods / Дрібні комплектуючі,AirPods Pro,10,2,0,0,,
Сітки AirPods Pro 2,AirPods / Дрібні комплектуючі,AirPods Pro 2,10,2,0,0,,
Амбушури AirPods Pro S/M/L,AirPods / Амбушури,AirPods Pro,6,2,0,0,,
Амбушури AirPods Pro 2 S/M/L,AirPods / Амбушури,AirPods Pro 2,6,2,0,0,,
B7000,Витратні матеріали,Універсально,5,2,0,0,,
T7000,Витратні матеріали,Універсально,5,2,0,0,,
Скотч для дисплеїв 1мм,Витратні матеріали,Універсально,10,2,0,0,,
Скотч для дисплеїв 2мм,Витратні матеріали,Універсально,10,2,0,0,,
Проклейка дисплею iPhone 11/12/13/14/15,Витратні матеріали,Універсально,20,2,0,0,,
Термопаста,Витратні матеріали,Універсально,3,2,0,0,,
Ізопропіловий спирт,Витратні матеріали,Універсально,3,2,0,0,,
Серветки безворсові,Витратні матеріали,Універсально,50,2,0,0,,
Гвинти iPhone набір,Витратні матеріали,Універсально,10,2,0,0,,
Гвинти MacBook набір,Витратні матеріали,Універсально,5,2,0,0,,
Магнітний килимок,Витратні матеріали,Універсально,2,2,0,0,,
Захисне скло сервісне,Витратні матеріали,Універсально,20,2,0,0,,
